origin,destination,count
SJU,ATL,853
BOS,AUS,1
OAK,BOS,805
PHX,BWI,465
SFO,CLT,247
LAX,CVG,997
CVG,DEN,3
EWR,DFW,9
FLL,DTW,1425
SLC,EWR,2
IAH,FAT,2660
MIA,FLL,368
SEA,HNL,1067
SAT,IAD,433
RDU,IAH,546
DTW,JFK,12
TPA,LAS,260
DFW,LAX,3078
AUS,MCO,4318
STL,MDW,2888
ATL,MIA,799
FAT,MSP,167
IAD,OAK,1011
PDX,ONT,365
PBI,ORD,2261
HNL,PBI,2402
SAN,PDX,2395
ONT,PHL,366
MDW,PHX,367
SJC,RDU,670
DEN,SAN,730
PHL,SAT,730
JFK,SEA,677
SMF,SFB,1016
ORD,SFO,229
BWI,SJC,446
MSP,SJU,751
SNA,SLC,366
CLT,SMF,5265
LAS,SNA,1034
MCO,STL,424
SFB,TPA,721
,,530
,,2307
,,466
,,366
,,366
,,230
,,719
,,1095
,,234
,,223
,,1993
,,362
,,2
,,2343
,,1
,,388
,,618
,,113
,,1
,,2
,,102
,,706
,,983
,,1005
,,342
,,2380
,,16
,,7
,,78
,,38
,,1154
,,1
,,2297
,,1113
,,956
,,914
,,327
,,1013
,,611
,,60
,,367
,,366
,,1037
,,730
,,57
,,1630
,,449
,,1
,,391
,,323
,,366
,,2669
,,729
,,2556
,,809
,,366
,,1
,,102
,,706
,,116
,,115
,,1035
,,362
,,90
,,451
,,153
,,78
,,96
,,3217
,,236
,,207
,,1163
,,237
,,238
,,826
,,27
,,365
,,561
,,725
,,576
,,366
,,363
,,6257
,,181
,,478
,,16
,,3992
,,1
,,334
,,1
,,332
,,109
,,1
,,62
,,459
,,852
,,1064
,,1095
,,113
,,982
,,2381
,,1153
,,115
,,16
,,742
,,2255
,,1936
,,584
,,2140
,,270
,,2871
,,2509
,,3096
,,41
,,5990
,,924
,,2665
,,500
,,3578
,,5978
,,60
,,2494
,,3902
,,2082
,,786
,,4492
,,357
,,2865
,,6720
,,1796
,,589
,,5
,,1430
,,1481
,,2810
,,2413
,,4372
,,7289
,,5726
,,9847
,,1397
,,1114
,,5612
,,110
,,575
,,1150
,,791
,,8028
,,974
,,2173
,,25
,,7665
,,614
,,3132
,,135
,,632
,,1028
,,2064
,,3441
,,93
,,642
,,1352
,,2866
,,2450
,,964
,,2
,,107
,,836
,,637
,,3593
,,2155
,,2627
,,5309
,,5268
,,3146
,,1996
,,3517
,,214
,,118
,,2694
,,5656
,,1915
,,4766
,,544
,,5406
,,2213
,,995
,,10506
,,2527
,,185
,,625
,,4140
,,652
,,9613
,,1789
,,3256
,,674
,,4866
,,9
,,2513
,,695
,,6628
,,3610
,,2000
,,2590
,,983
,,2224
,,384
,,5368
,,4695
,,37
,,1853
,,1178
,,90
,,1883
,,1730
,,796
,,7677
,,2784
,,4263
,,1095
,,2548
,,4158
,,6915
,,4603
,,622
,,4555
,,4429
,,1389
,,904
,,5411
,,4532
,,167
,,1732
,,2489
,,4193
,,2857
,,3239
,,3892
,,1038
,,121
,,2754
,,2574
,,3462
,,1171
,,1816
,,640
,,1874
,,2860
,,682
,,1461
,,3326
,,3958
,,451
,,67
,,1617
,,1419
,,2484
,,119
,,7311
,,1809
,,1981
,,9
,,668
,,2428
,,938
,,3046
,,1769
,,743
,,1
,,697
,,1
,,1020
,,1032
,,90
,,2288
,,1
,,435
,,2252
,,792
,,368
,,730
,,380
,,659
,,653
,,5573
,,2673
,,5506
,,1
,,1
,,1349
,,949
,,481
,,2319
,,367
,,670
,,3691
,,218
,,226
,,1358
,,1231
,,1733
,,692
,,245
,,470
,,459
,,632
,,712
,,834
,,55
,,444
,,236
,,88
,,305
,,2514
,,1
,,290
,,2783
,,231
,,719
,,149
,,610
,,968
,,548
,,245
,,95
,,367
,,88
,,228
,,1936
,,167
,,768
,,658
,,459
,,47
,,364
,,586
,,356
,,722
,,1
,,2
,,3
,,716
,,148
,,1177
,,1
,,245
,,2352
,,1
,,2141
,,366
,,2880
,,544
,,1834
,,1187
,,1182
,,214
,,1065
,,1516
,,766
,,546
,,1
,,1397
,,120
,,585
,,602
,,366
,,132
,,1755
,,1028
,,48
,,366
,,536
,,986
,,3131
,,373
,,521
,,335
,,1150
,,134
,,366
,,1276
,,1035
,,533
,,1
,,102
,,906
,,1194
,,225
,,943
,,371
,,227
,,728
,,270
,,793
,,1
,,129
,,801
,,536
,,338
,,11
,,2876
,,1
,,696
,,1038
,,264
,,786
,,598
,,1074
,,666
,,1287
,,892
,,668
,,723
,,1
,,245
,,2345
,,366
,,1
,,366
,,840
,,1196
,,709
,,886
,,1
,,1008
,,1497
,,366
,,159
,,679
,,8
,,366
,,1071
,,1628
,,1
,,820
,,103
,,3
,,1950
,,1239
,,1052
,,2
,,74
,,120
,,2511
,,60
,,50
,,173
,,2007
,,3097
,,795
,,365
,,688
,,78
,,2502
,,1
,,1147
,,2127
,,677
,,1
,,769
,,1403
,,2529
,,2859
,,2708
,,1836
,,738
,,2
,,1504
,,418
,,2522
,,1382
,,523
,,1202
,,1400
,,1216
,,1302
,,1798
,,2993
,,1020
,,731
,,772
,,785
,,1012
,,363
,,365
,,3725
,,236
,,980
,,1124
,,366
,,1623
,,721
,,677
,,364
,,115
,,258
,,1720
,,41
,,1
,,2064
,,1042
,,1
,,756
,,1001
,,807
,,666
,,471
,,787
,,1027
,,679
,,1
,,1029
,,475
,,1080
,,1754
,,3342
,,1
,,5982
,,368
,,794
,,2
,,1
,,729
,,4797
,,467
,,156
,,1362
,,3533
,,916
,,1937
,,8899
,,2077
,,3036
,,2306
,,3883
,,2476
,,1
,,141
,,4184
,,1800
,,950
,,647
,,7372
,,1383
,,2234
,,12029
,,788
,,3474
,,344
,,200
,,2196
,,209
,,1635
,,254
,,45
,,516
,,7085
,,243
,,1743
,,366
,,715
,,6375
,,1069
,,591
,,3777
,,689
,,1716
,,608
,,89
,,80
,,979
,,2668
,,256
,,1274
,,707
,,23
,,865
,,88
,,1785
,,276
,,925
,,366
,,661
,,492
,,1464
,,364
,,364
,,708
,,2663
,,2
,,129
,,1
,,2922
,,2009
,,999
,,1
,,215
,,500
,,538
,,614
,,153
,,826
,,879
,,129
,,1
,,2207
,,346
,,75
,,737
,,3575
,,728
,,2439
,,633
,,1435
,,160
,,312
,,93
,,1510
,,1469
,,672
,,16
,,3679
,,589
,,1876
,,1276
,,227
,,3437
,,685
,,365
,,376
,,729
,,944
,,1376
,,163
,,1366
,,5162
,,5423
,,60
,,4751
,,1
,,1
,,1
,,1390
,,2258
,,3377
,,1673
,,3458
,,1
,,549
,,2296
,,5972
,,728
,,2863
,,1037
,,2492
,,4795
,,539
,,2437
,,2543
,,3652
,,1683
,,1228
,,32
,,982
,,2664
,,2311
,,3105
,,507
,,2710
,,1
,,1262
,,1728
,,1016
,,2427
,,664
,,1058
,,1134
,,1626
,,898
,,7
,,366
,,1025
,,4926
,,2809
,,827
,,3633
,,929
,,1290
,,974
,,392
,,366
,,3545
,,1683
,,1351
,,692
,,2098
,,1064
,,3988
,,995
,,2082
,,863
,,1336
,,721
,,729
,,1
,,1474
,,242
,,366
,,319
,,727
,,245
,,1682
,,3388
,,60
,,1
,,1293
,,19
,,1
,,13
,,878
,,337
,,28
,,2029
,,2508
,,927
,,1157
,,713
,,684
,,1386
,,164
,,609
,,706
,,1696
,,3905
,,467
,,40
,,779
,,1044
,,8
,,42
,,793
,,371
,,1049
,,137
,,359
,,1
,,1
,,666
,,363
,,362
,,360
,,703
,,2086
,,132
,,426
,,72
,,459
,,630
,,766
,,786
,,36
,,1
,,4494
,,156
,,150
,,1121
,,786
,,1155
,,756
,,1284
,,712
,,73
,,2
,,1413
,,714
,,27
,,1337
,,1
,,1
,,1
,,1390
,,357
,,874
,,798
,,1897
,,1
,,946
,,156
,,1
,,416
,,3931
,,2259
,,44
,,805
,,12
,,1106
,,3115
,,380
,,516
,,264
,,1128
,,1354
,,613
,,620
,,2562
,,150
,,1981
,,17
,,493
,,12
,,869
,,934
,,976
,,1656
,,139
,,1359
,,2105
,,618
,,1136
,,148
,,510
,,1433
,,2151
,,142
,,143
,,1392
,,1656
,,1050
,,15
,,2936
,,1230
,,1915
,,58
,,2561
,,1211
,,1235
,,399
,,2226
,,317
,,1693
,,54
,,32
,,430
,,4569
,,2
,,383
,,674
,,1110
,,360
,,306
,,319
,,905
,,928
,,595
,,85
,,232
,,321
,,679
,,231
,,466
,,43
,,346
,,118
,,1191
,,696
,,874
,,10
,,495
,,1105
,,262
,,465
,,17
,,978
,,6722
,,1
,,660
,,1834
,,787
,,2126
,,3551
,,1434
,,3684
,,1122
,,1971
,,125
,,877
,,23
,,2988
,,1925
,,3796
,,2701
,,13
,,5953
,,95
,,3295
,,1
,,985
,,13
,,3126
,,3711
,,1257
,,1230
,,2524
,,1866
,,1734
,,1458
,,5339
,,39
,,1183
,,3277
,,1144
,,13
,,2578
,,705
,,2970
,,243
,,1816
,,1466
,,2217
,,6
,,5639
,,1543
,,1873
,,136
,,3525
,,2186
,,2349
,,371
,,1439
,,276
,,2340
,,1801
,,412
,,1765
,,704
,,661
,,1432
,,796
,,481
,,1427
,,796
,,212
,,76
,,207
,,1094
,,418
,,20
,,747
,,240
,,2811
,,16
,,208
,,1808
,,685
,,661
,,1681
,,24
,,125
,,1185
,,77
,,385
,,1694
,,1909
,,1646
,,1
,,1
,,841
,,1
,,515
,,1341
,,48
,,2355
,,164
,,1074
,,2643
,,1057
,,469
,,1054
,,1076
,,1
,,4959
,,5
,,996
,,1096
,,500
,,137
,,291
,,679
,,1
,,972
,,1
,,366
,,2406
,,1
,,318
,,481
,,707
,,1
,,591
,,1
,,104
,,4193
,,2036
,,1
,,1725
,,1
,,98
,,997
,,179
,,117
,,1
,,450
,,460
,,1519
,,1393
,,472
,,364
,,1074
,,424
,,1536
,,32
,,134
,,1
,,1006
,,6
,,2510
,,1933
,,821
,,1430
,,1
,,391
,,208
,,674
,,1
,,709
,,1481
,,248
,,260
,,912
,,90
,,2758
,,697
,,653
,,167
,,357
,,149
,,1157
,,127
,,852
,,902
,,1859
,,2
,,152
,,160
,,1235
,,942
,,39
,,132
,,35
,,786
,,873
,,493
,,926
,,795
,,104
,,391
,,6
,,746
,,2015
,,1384
,,3244
,,983
,,3023
,,30
,,135
,,3094
,,683
,,555
,,447
,,1386
,,1057
,,456
,,126
,,800
,,159
,,783
,,2048
,,140
,,491
,,13
,,120
,,1125
,,1532
,,485
,,921
,,1143
,,1525
,,3645
,,49
,,1491
,,1305
,,1007
,,1226
,,776
,,1045
,,839
,,259
,,1745
,,195
,,13
,,769
,,1003
,,6014
,,450
,,389
,,318
,,36
,,1671
,,468
,,1292
,,958
,,555
,,1087
,,786
,,1
,,730
,,539
,,571
,,882
,,732
,,12
,,23
,,635
,,790
,,777
,,245
,,1627
,,285
,,444
,,345
,,831
,,20
,,1099
,,247
,,882
,,129
,,916
,,103
,,101
,,549
,,285
,,1
,,13
,,1715
,,2412
,,32
,,12
,,23
,,6
,,311
,,1
,,159
,,1
,,3106
,,2665
,,5583
,,1051
,,2282
,,9790
,,33
,,3730
,,2680
,,2330
,,1997
,,3922
,,2096
,,1686
,,1005
,,4973
,,2722
,,2277
,,4369
,,980
,,862
,,755
,,838
,,1037
,,1322
,,948
,,53
,,864
,,43
,,416
,,609
,,692
,,1799
,,204
,,1349
,,304
,,7296
,,1183
,,1401
,,8929
,,129
,,632
,,935
,,3001
,,77
,,1841
,,1429
,,3965
,,272
,,2982
,,2289
,,1361
,,307
,,561
,,2919
,,968
,,304
,,888
,,3017
,,365
,,366
,,311
,,11102
,,1845
,,1043
,,306
,,2987
,,122
,,287
,,2199
,,408
,,7427
,,909
,,5
,,1081
,,322
,,1
,,671
,,2732
,,706
,,727
,,365
,,12
,,1296
,,313
,,1554
,,210
,,4309
,,731
,,451
,,3979
,,5903
,,2719
,,213
,,533
,,651
,,1631
,,1240
,,2556
,,2069
,,2234
,,1
,,1238
,,2655
,,1286
,,780
,,572
,,969
,,1925
,,685
,,481
,,4188
,,1533
,,1
,,1384
,,1
,,850
,,1428
,,8268
,,2473
,,1404
,,2913
,,1673
,,1060
,,726
,,2189
,,1246
,,1266
,,668
,,908
,,1474
,,695
,,1440
,,2469
,,2
,,343
,,868
,,832
,,1310
,,414
,,367
,,1056
,,654
,,2943
,,4788
,,1583
,,979
,,2083
,,1340
,,118
,,1084
,,45
,,8147
,,8811
,,3051
,,45
,,121
,,1200
,,1
,,5111
,,3015
,,4338
,,1730
,,365
,,810
,,1587
,,723
,,363
,,1003
,,1108
,,5011
,,1174
,,1592
,,3100
,,163
,,2636
,,3169
,,1544
,,6051
,,94
,,4563
,,2975
,,8391
,,363
,,1
,,804
,,939
,,997
,,2308
,,12
,,470
,,289
,,545
,,1350
,,1
,,221
,,5358
,,2651
,,841
,,384
,,6414
,,5604
,,953
,,3684
,,8905
,,3331
,,3340
,,2126
,,1682
,,1628
,,2089
,,88
,,510
,,686
,,2660
,,2888
,,1994
,,1003
,,2551
,,153
,,9849
,,5508
,,1065
,,1287
,,60
,,2861
,,3036
,,2919
,,93
,,1375
,,2309
,,1157
,,426
,,1154
,,1897
,,1665
,,1104
,,3797
,,1694
,,366
,,2034
,,2509
,,3244
,,1038
,,3965
,,8193
,,2134
,,2792
,,457
,,2900
,,365
,,3728
,,730
,,2296
,,245
,,1825
,,713
,,971
,,600
,,1155
,,2562
,,793
,,1037
,,1435
,,109
,,126
,,732
,,2425
,,1714
,,2010
,,5526
,,1792
,,2086
,,213
,,2604
,,1366
,,833
,,4956
,,1822
,,6571
,,3012
,,908
,,1181
,,5365
,,3245
,,1400
,,1777
,,2878
,,4114
,,272
,,2501
,,1439
,,3350
,,745
,,588
,,964
,,1398
,,946
,,2810
,,2501
,,231
,,724
,,366
,,2846
,,1747
,,1741
,,8165
,,1035
,,853
,,1578
,,3483
,,5388
,,635
,,2140
,,2020
,,1095
,,2347
,,1041
,,1093
,,176
,,961
,,918
,,3526
,,5414
,,795
,,365
,,1386
,,3915
,,3486
,,3231
,,3579
,,2250
,,1315
,,985
,,3143
,,1346
,,3669
,,1831
,,3598
,,178
,,2803
,,3256
,,2677
,,1247
,,1585
,,1505
,,1962
,,2780
,,1397
,,116
,,721
,,1292
,,1
,,2475
,,812
,,386
,,1115
,,139
,,982
,,1
,,272
,,1704
,,2137
,,956
,,2
,,688
,,175
,,707
,,1
,,751
,,722
,,1012
,,4525
,,1
,,749
,,1
,,3
,,997
,,1013
,,96
,,5612
,,1021
,,768
,,722
,,1176
,,1565
,,728
,,801
,,887
,,2712
,,2377
,,826
,,1508
,,3101
,,19
,,713
,,1044
,,73
,,761
,,948
,,1182
,,2703
,,1894
,,208
,,3099
,,549
,,1322
,,2986
,,2919
,,2799
,,722
,,977
,,1336
,,1398
,,1342
,,4374
,,1321
,,1519
,,1202
,,1245
,,2527
,,1245
,,1239
,,666
,,698
,,1708
,,2740
,,242
,,2605
,,133
,,682
,,507
,,1754
,,1642
,,2038
,,1608
,,1658
,,4594
,,362
,,320
,,1468
,,1438
,,3481
,,543
,,3179
,,2562
,,844
,,1227
,,1742
,,745
,,1603
,,4947
,,68
,,287
,,622
,,1324
,,7553
,,968
,,472
,,250
,,2791
,,2928
,,701
,,1558
,,263
,,1105
,,66
,,1368
,,700
,,748
,,864
,,105
,,1144
,,583
,,597
,,508
,,1638
,,500
,,1082
,,1172
,,1235
,,363
,,360
,,155
,,572
,,219
,,2516
,,16
,,724
,,1015
,,1452
,,726
,,1209
,,1788
,,362
,,109
,,13
,,30
,,1674
,,457
,,207
,,124
,,13
,,111
,,16
,,43
,,112
,,197
,,1577
,,3
,,1336
,,792
,,575
,,1344
,,2290
,,1060
,,2901
,,1033
,,1136
,,1056
,,1075
,,362
,,381
,,670
,,4136
,,366
,,1344
,,121
,,89
,,1398
,,1
,,726
,,1
,,162
,,305
,,1
,,1551
,,372
,,1
,,1919
,,711
,,1151
,,136
,,366
,,1342
,,904
,,1944
,,1
,,791
,,166
,,234
,,619
,,8060
,,939
,,658
,,793
,,536
,,681
,,1812
,,3870
,,366
,,879
,,1481
,,508
,,684
,,1285
,,2103
,,5945
,,1653
,,3095
,,311
,,946
,,2269
,,2209
,,3729
,,4419
,,207
,,4432
,,1
,,593
,,1092
,,1036
,,15
,,362
,,1789
,,3989
,,1722
,,121
,,1596
,,2350
,,3239
,,389
,,1
,,323
,,1798
,,4978
,,279
,,1192
,,1331
,,2873
,,2523
,,313
,,3103
,,1139
,,21
,,234
,,360
,,1079
,,7505
,,379
,,2769
,,687
,,19
,,2601
,,677
,,16
,,1101
,,740
,,2391
,,1576
,,925
,,1873
,,1179
,,949
,,1127
,,1052
,,2030
,,2777
,,200
,,1580
,,812
,,908
,,399
,,1707
,,232
,,993
,,2838
,,343
,,186
,,660
,,545
,,974
,,35
,,2853
,,364
,,205
,,364
,,956
,,80
,,1263
,,1
,,1
,,1743
,,1327
,,95
,,1
,,1265
,,730
,,2092
,,4022
,,435
,,2
,,1
,,239
,,1625
,,581
,,2
,,2438
,,845
,,1
,,2172
,,95
,,25
,,668
,,2
,,210
,,104
,,12
,,1741
,,1871
,,60
,,7666
,,481
,,545
,,740
,,2473
,,672
,,2704
,,8
,,618
,,2947
,,687
,,1339
,,903
,,2298
,,1320
,,4431
,,366
,,722
,,1022
,,1176
,,1933
,,578
,,1092
,,1812
,,4699
,,677
,,372
,,3149
,,332
,,60
,,2095
,,1622
,,480
,,245
,,1
,,43
,,475
,,593
,,13
,,1581
,,309
,,2977
,,622
,,872
,,145
,,44
,,424
,,695
,,366
,,114
,,765
,,242
,,470
,,476
,,328
,,262
,,3036
,,615
,,3133
,,246
,,1522
,,90
,,393
,,455
,,838
,,105
,,354
,,1264
,,149
,,200
,,135
,,555
,,1429
,,1
,,1
,,1927
,,1770
,,1
,,1
,,8
,,633
,,1826
,,478
,,1029
,,713
,,1202
,,241
,,2958
,,1
,,695
,,59
,,292
,,1
,,1016
,,1436
,,753
,,431
,,1
,,826
,,719
,,440
,,328
,,1314
,,777
,,1
,,213
,,454
,,4372
,,1951
,,375
,,152
,,1371
,,978
,,2
,,2463
,,599
,,1
,,4
,,6
,,1037
,,1040
,,2064
,,3441
,,1157
,,366
,,1908
,,1088
,,215
,,366
,,93
,,447
,,1
,,1
,,1224
,,1
,,774
,,323
,,1431
,,3634
,,1
,,643
,,2565
,,525
,,1351
,,1147
,,1387
,,307
,,346
,,795
,,2655
,,582
,,714
,,363
,,128
,,362
,,1244
,,23
,,1516
,,3696
,,2848
,,132
,,148
,,987
,,1097
,,1037
,,1245
,,1093
,,208
,,1035
,,1
,,905
,,19
,,1043
,,520
,,365
,,870
,,2
,,3
,,2450
,,510
,,1
,,456
,,1436
,,1238
,,1040
,,828
,,950
,,609
,,90
,,1089
,,1159
,,85
,,1
,,869
,,196
,,23
,,1051
,,964
,,2
,,831
,,111
,,2
,,13
,,107
,,1314
,,127
,,15
,,112
,,13
,,15
,,112
,,205
,,378
,,836
,,412
,,365
,,1209
,,236
,,637
,,366
,,732
,,362
,,702
,,7685
,,8745
,,732
,,4963
,,10769
,,366
,,121
,,12014
,,641
,,732
,,914
,,393
,,1643
,,2359
,,366
,,366
,,366
,,66
,,1023
,,3595
,,2310
,,736
,,1500
,,1
,,1262
,,1932
,,9766
,,1063
,,2425
,,1032
,,723
,,2967
,,1341
,,366
,,944
,,1460
,,1416
,,365
,,676
,,1753
,,2054
,,3726
,,713
,,1366
,,659
,,1722
,,421
,,2572
,,1348
,,1396
,,1300
,,2158
,,126
,,666
,,1
,,1021
,,2
,,1485
,,3626
,,1048
,,1
,,1
,,520
,,60
,,366
,,33
,,2949
,,398
,,675
,,2622
,,4
,,13
,,787
,,577
,,653
,,1717
,,702
,,726
,,1043
,,72
,,248
,,1079
,,547
,,1
,,158
,,365
,,5362
,,631
,,1192
,,245
,,233
,,3846
,,129
,,16
,,163
,,1709
,,710
,,1435
,,2762
,,783
,,52
,,1
,,2984
,,2009
,,1684
,,1790
,,1174
,,207
,,682
,,725
,,1389
,,751
,,2297
,,1623
,,4092
,,1105
,,756
,,313
,,4244
,,984
,,2075
,,585
,,575
,,712
,,413
,,533
,,841
,,319
,,2948
,,956
,,14
,,367
,,607
,,731
,,740
,,511
,,380
,,1679
,,682
,,492
,,14
,,1331
,,111
,,1008
,,1098
,,3139
,,245
,,707
,,524
,,365
,,141
,,137
,,653
,,1746
,,112
,,97
,,2261
,,342
,,1
,,807
,,206
,,4989
,,3704
,,458
,,120
,,2333
,,2547
,,1822
,,275
,,1465
,,2009
,,1728
,,165
,,458
,,73
,,2147
,,261
,,3709
,,839
,,1725
,,823
,,674
,,2045
,,3730
,,859
,,2941
,,4584
,,5539
,,688
,,2742
,,124
,,1136
,,3970
,,1933
,,1908
,,525
,,714
,,1036
,,954
,,112
,,702
,,2
,,398
,,1043
,,1422
,,1594
,,1763
,,1720
,,1529
,,969
,,2682
,,3867
,,769
,,999
,,646
,,2703
,,3399
,,1111
,,716
,,1187
,,2516
,,2494
,,3046
,,2665
,,246
,,2735
,,1673
,,580
,,1420
,,2466
,,4248
,,261
,,722
,,2625
,,2098
,,1093
,,5651
,,970
,,1389
,,1271
,,1732
,,4176
,,1713
,,635
,,216
,,1987
,,970
,,428
,,1064
,,2392
,,3760
,,948
,,396
,,2393
,,2655
,,1017
,,995
,,732
,,2696
,,1085
,,1873
,,70
,,736
,,481
,,1963
,,2310
,,1670
,,1353
,,420
,,1435
,,3146
,,1
,,1
,,1578
,,1794
,,241
,,1594
,,184
,,1
,,1092
,,714
,,1
,,2
,,3005
,,692
,,1
,,1
,,1
,,1
,,980
,,336
,,1787
,,1991
,,1259
,,146
,,1
,,3515
,,218
,,587
,,950
,,1003
,,635
,,1587
,,507
,,968
,,2089
,,2087
,,2558
,,1717
,,578
,,1275
,,366
,,117
,,1675
,,548
,,1331
,,1069
,,2298
,,1333
,,1066
,,213
,,738
,,1700
,,10
,,4102
,,495
,,1457
,,1
,,673
,,1057
,,236
,,75
,,173
,,155
,,1587
,,1
,,72
,,646
,,343
,,215
,,2438
,,1087
,,366
,,2105
,,1427
,,1090
,,375
,,1080
,,132
,,7386
,,299
,,366
,,1
,,956
,,1
,,118
,,13
,,1443
,,214
,,1
,,15
,,117
,,360
,,1485
,,2704
,,666
,,121
,,293
,,2605
,,689
,,121
,,1345
,,1721
,,381
,,677
,,1075
,,211
,,5656
,,229
,,366
,,1373
,,652
,,1066
,,144
,,2520
,,1110
,,896
,,118
,,1366
,,508
,,1581
,,1809
,,366
,,743
,,1541
,,366
,,1068
,,236
,,3
,,1294
,,226
,,871
,,218
,,200
,,470
,,1704
,,712
,,1657
,,2
,,596
,,1017
,,1
,,234
,,364
,,2279
,,1356
,,631
,,338
,,463
,,7513
,,661
,,2207
,,3674
,,1366
,,1123
,,1
,,1392
,,1833
,,571
,,1346
,,2941
,,1082
,,834
,,1848
,,14
,,4696
,,13
,,943
,,1
,,2299
,,972
,,125
,,1067
,,4471
,,8078
,,2
,,1541
,,5373
,,2737
,,1441
,,1070
,,1177
,,247
,,3672
,,277
,,2534
,,680
,,587
,,2254
,,2244
,,346
,,603
,,1824
,,4149
,,1694
,,2425
,,1893
,,1630
,,1855
,,6591
,,480
,,3565
,,1795
,,341
,,534
,,795
,,366
,,1824
,,3390
,,132
,,1163
,,85
,,364
,,363
,,1209
,,863
,,363
,,45
,,9038
,,1040
,,55
,,4
,,793
,,221
,,330
,,23
,,411
,,713
,,37
,,362
,,1289
,,365
,,364
,,486
,,1641
,,157
,,1409
,,2408
,,366
,,367
,,238
,,4761
,,1232
,,366
,,102
,,366
,,51
,,1201
,,755
,,1383
,,588
,,5154
,,1628
,,43
,,1667
,,1730
,,1351
,,98
,,920
,,42
,,366
,,8165
,,4959
,,2036
,,1042
,,162
,,2341
,,2101
,,677
,,91
,,753
,,732
,,1461
,,1625
,,2678
,,1674
,,366
,,236
,,4481
,,11729
,,366
,,854
,,382
,,366
,,1913
,,1076
,,3836
,,373
,,139
,,365
,,787
,,530
,,50
,,14
,,2464
,,726
,,4693
,,471
,,1088
,,3501
,,5235
,,365
,,62
,,3568
,,2829
,,10626
,,1411
,,1280
,,365
,,724
,,4492
,,83
,,5895
,,1573
,,305
,,128
,,366
,,5065
,,6994
,,4148
,,5378
,,4054
,,4115
,,1647
,,1175
,,390
,,2018
,,99
,,543
,,1826
,,2415
,,239
,,324
,,5402
,,1732
,,132
,,902
,,1418
,,985
,,2441
,,897
,,13
,,2258
,,1053
,,1460
,,49
,,994
,,1144
,,366
,,8894
,,6571
,,177
,,1972
,,107
,,1076
,,305
,,3249
,,4045
,,373
,,428
,,8
,,4964
,,1426
,,3836
,,3849
,,186
,,548
,,660
,,954
,,15
,,2
,,8058
,,1038
,,11773
,,1067
,,1338
,,1725
,,2388
,,729
,,1
,,2495
,,355
,,659
,,2763
,,2392
,,930
,,18
,,7583
,,2054
,,501
,,24
,,7333
,,1291
,,3503
,,2246
,,9897
,,373
,,2596
,,8
,,1898
,,1
,,11257
,,1781
,,4554
,,2684
,,6876
,,13390
,,722
,,8908
,,144
,,5178
,,5692
,,1679
,,32
,,1686
,,516
,,73
,,4141
,,359
,,1030
,,366
,,690
,,2679
,,3015
,,364
,,769
,,366
,,1000
,,2217
,,14
,,1
,,1539
,,1
,,304
,,907
,,1656
,,390
,,646
,,411
,,39
,,252
,,1967
,,995
,,1182
,,2702
,,7
,,10507
,,591
,,1217
,,12035
,,609
,,793
,,1414
,,156
,,2920
,,4958
,,2350
,,3635
,,159
,,11063
,,2970
,,5372
,,705
,,4601
,,16
,,3152
,,392
,,363
,,927
,,609
,,15
,,69
,,1103
,,3418
,,1331
,,1285
,,415
,,3158
,,1605
,,3586
,,592
,,2
,,620
,,2719
,,512
,,123
,,10862
,,1934
,,770
,,1
,,1297
,,4423
,,1336
,,238
,,995
,,571
,,24
,,74
,,1604
,,9
,,1464
,,50
,,642
,,2
,,765
,,245
,,789
,,431
,,332
,,1
,,756
,,1544
,,853
,,436
,,1631
,,1
,,600
,,142
,,1623
,,459
,,1499
,,210
,,661
,,2500
,,729
,,1
,,45
,,10407
,,54
,,1069
,,426
,,280
,,31
,,366
,,483
,,23
,,2526
,,366
,,39
,,49
,,2327
,,118
,,3245
,,361
,,331
,,365
,,1103
,,382
,,1
,,383
,,887
,,157
,,1806
,,235
,,1
,,18
,,669
,,1
,,162
,,348
,,1
,,1
,,1204
,,320
,,1
,,106
,,1403
,,1
,,1401
,,714
,,434
,,1571
,,185
,,1
,,1
,,650
,,625
,,366
,,471
,,1995
,,1778
,,676
,,1187
,,366
,,1460
,,117
,,1341
,,670
,,4140
,,459
,,1317
,,1025
,,1219
,,1182
,,164
,,178
,,1491
,,3943
,,5256
,,2877
,,1252
,,1799
,,60
,,227
,,2527
,,1
,,1074
,,229
,,1926
,,1331
,,1
,,1349
,,3850
,,1005
,,1
,,65
,,3
,,250
,,2136
,,462
,,686
,,1128
,,3
,,301
,,3837
,,366
,,2165
,,266
,,652
,,5
,,689
,,577
,,365
,,1054
,,306
,,1763
,,695
,,810
,,233
,,652
,,726
,,1040
,,9611
,,632
,,47
,,1758
,,1214
,,173
,,1782
,,3478
,,492
,,346
,,1877
,,4926
,,371
,,1909
,,3276
,,1165
,,1304
,,416
,,1845
,,2997
,,4114
,,3477
,,4977
,,35
,,2074
,,455
,,128
,,11
,,90
,,1758
,,1484
,,248
,,4094
,,2499
,,2306
,,2110
,,381
,,2
,,5371
,,1077
,,1725
,,39
,,3156
,,1
,,1349
,,42
,,3565
,,1434
,,1606
,,2195
,,831
,,172
,,1929
,,1568
,,9
,,9
,,3978
,,755
,,1
,,237
,,195
,,362
,,7034
,,1038
,,2465
,,365
,,347
,,2149
,,460
,,1655
,,517
,,701
,,1414
,,13
,,744
,,533
,,731
,,366
,,2420
,,685
,,2422
,,834
,,390
,,219
,,1
,,9
,,126
,,1789
,,1
,,1
,,58
,,1144
,,1008
,,1
,,274
,,542
,,937
,,2
,,42
,,197
,,1598
,,730
,,729
,,3257
,,713
,,1052
,,726
,,3016
,,345
,,1278
,,2776
,,2556
,,13
,,2644
,,4325
,,3070
,,278
,,1621
,,2052
,,2065
,,1314
,,1422
,,682
,,3832
,,2390
,,383
,,3885
,,3568
,,1649
,,133
,,1476
,,391
,,1719
,,2047
,,731
,,891
,,2664
,,2800
,,2037
,,1380
,,1353
,,365
,,1095
,,1708
,,700
,,1690
,,1331
,,1083
,,658
,,1003
,,686
,,565
,,3784
,,2231
,,727
,,674
,,4870
,,835
,,49
,,891
,,1024
,,199
,,998
,,783
,,706
,,629
,,709
,,1205
,,2576
,,1072
,,117
,,1225
,,1043
,,1731
,,2458
,,813
,,2205
,,904
,,1170
,,479
,,479
,,1088
,,362
,,1043
,,1088
,,1083
,,3079
,,1093
,,1058
,,1082
,,871
,,372
,,1095
,,252
,,1608
,,886
,,981
,,1432
,,1091
,,785
,,744
,,668
,,1094
,,359
,,2845
,,1004
,,940
,,749
,,3769
,,241
,,1095
,,1039
,,817
,,1002
,,1097
,,1062
,,292
,,58
,,109
,,831
,,765
,,786
,,349
,,208
,,1080
,,1094
,,26
,,1049
,,1094
,,861
,,44
,,1094
,,1096
,,1045
,,1041
,,10
,,1441
,,2665
,,365
,,139
,,1
,,1
,,1543
,,304
,,1
,,1
,,1
,,2571
,,724
,,1
,,2514
,,246
,,1091
,,696
,,4
,,3628
,,1212
,,723
,,777
,,288
,,846
,,1353
,,246
,,584
,,366
,,1605
,,1643
,,1145
,,2365
,,365
,,742
,,6623
,,366
,,731
,,2193
,,929
,,399
,,2970
,,470
,,1045
,,2982
,,809
,,3346
,,1228
,,43
,,2873
,,1
,,519
,,574
,,2734
,,211
,,217
,,2743
,,787
,,2494
,,3587
,,65
,,2195
,,133
,,785
,,907
,,1098
,,3343
,,152
,,2203
,,366
,,174
,,1098
,,151
,,365
,,366
,,1097
,,2559
,,732
,,732
,,349
,,832
,,1829
,,154
,,1
,,3606
,,1030
,,1
,,539
,,1
,,771
,,208
,,1293
,,2226
,,245
,,1054
,,840
,,285
,,608
,,122
,,1449
,,747
,,723
,,1905
,,2524
,,1
,,43
,,839
,,774
,,1244
,,1671
,,738
,,531
,,355
,,590
,,2
,,830
,,734
,,264
,,357
,,1294
,,3464
,,703
,,3541
,,775
,,867
,,1082
,,490
,,226
,,106
,,258
,,122
,,115
,,6
,,320
,,178
,,2
,,109
,,24
,,263
,,2000
,,2
,,2592
,,719
,,587
,,755
,,51
,,172
,,669
,,442
,,2580
,,983
,,966
,,581
,,2225
,,1399
,,1420
,,1094
,,210
,,1
,,679
,,1
,,1
,,1643
,,1085
,,322
,,356
,,313
,,365
,,14
,,2758
,,435
,,246
,,910
,,445
,,2428
,,6
,,384
,,1
,,317
,,259
,,287
,,943
,,947
,,1
,,1603
,,313
,,622
,,249
,,359
,,1293
,,1439
,,4943
,,1
,,1107
,,189
,,105
,,2
,,12
,,1841
,,677
,,57
,,323
,,826
,,5369
,,89
,,54
,,364
,,246
,,933
,,11
,,820
,,1052
,,74
,,781
,,807
,,1563
,,75
,,229
,,1017
,,878
,,27
,,412
,,1876
,,1814
,,1076
,,318
,,449
,,31
,,1760
,,13
,,692
,,2194
,,5374
,,2851
,,1290
,,929
,,5459
,,112
,,3144
,,205
,,1744
,,209
,,475
,,355
,,1925
,,242
,,826
,,1371
,,1408
,,1645
,,365
,,195
,,112
,,365
,,366
,,710
,,2451
,,714
,,336
,,1661
,,72
,,117
,,201
,,1441
,,157
,,2461
,,2389
,,2723
,,157
,,106
,,433
,,109
,,1976
,,1931
,,197
,,1367
,,2551
,,908
,,3619
,,450
,,1085
,,1438
,,189
,,27
,,542
,,1177
,,9356
,,122
,,1501
,,1709
,,3515
,,3
,,1006
,,214
,,6
,,42
,,877
,,726
,,221
,,339
,,134
,,881
,,647
,,1330
,,190
,,27
,,365
,,707
,,2475
,,1909
,,359
,,693
,,26
,,2197
,,809
,,1037
,,1
,,1626
,,121
,,1005
,,717
,,439
,,346
,,365
,,677
,,4695
,,443
,,1012
,,1010
,,254
,,391
,,54
,,1504
,,1
,,193
,,2079
,,430
,,1176
,,2501
,,53
,,1129
,,594
,,3737
,,457
,,4257
,,10
,,472
,,1070
,,727
,,928
,,511
,,461
,,1566
,,390
,,1003
,,1097
,,16
,,1
,,1458
,,1046
,,365
,,472
,,432
,,329
,,1097
,,1
,,37
,,1591
,,232
,,21
,,261
,,18
,,30
,,229
,,1854
,,45
,,2216
,,13
,,287
,,234
,,533
,,1
,,124
,,27
,,1
,,1178
,,6
,,1004
,,88
,,236
,,363
,,667
,,518
,,5420
,,3101
,,725
,,13
,,726
,,121
,,711
,,841
,,721
,,1177
,,4
,,4642
,,7578
,,1632
,,684
,,1720
,,60
,,3701
,,59
,,2482
,,4213
,,1331
,,5851
,,5047
,,3146
,,1
,,3645
,,307
,,27
,,163
,,366
,,12383
,,366
,,1379
,,2058
,,60
,,60
,,366
,,586
,,280
,,533
,,932
,,261
,,60
,,60
,,231
,,1884
,,87
,,1
,,366
,,21
,,769
,,1687
,,2848
,,2845
,,604
,,361
,,1353
,,5
,,2635
,,471
,,500
,,1144
,,9
,,883
,,617
,,231
,,2038
,,1513
,,302
,,89
,,743
,,226
,,688
,,1
,,1
,,1731
,,1
,,1
,,428
,,1
,,1002
,,3231
,,1748
,,1
,,1324
,,1080
,,1
,,2099
,,1083
,,1
,,9
,,2045
,,763
,,701
,,1163
,,304
,,4045
,,2067
,,314
,,609
,,1033
,,221
,,729
,,361
,,443
,,797
,,304
,,365
,,471
,,458
,,1544
,,1742
,,382
,,238
,,440
,,1
,,1093
,,248
,,3494
,,24
,,302
,,246
,,3697
,,231
,,303
,,60
,,5628
,,273
,,2
,,439
,,1343
,,1599
,,2742
,,1658
,,3803
,,228
,,474
,,1426
,,754
,,1632
,,561
,,310
,,7449
,,2288
,,2515
,,718
,,2350
,,3335
,,1511
,,105
,,2005
,,3905
,,786
,,7133
,,215
,,738
,,3437
,,3552
,,336
,,1373
,,1047
,,767
,,1337
,,4154
,,4567
,,6013
,,4664
,,2404
,,1525
,,134
,,708
,,5993
,,1715
,,1007
,,1786
,,1347
,,7430
,,5773
,,8093
,,4823
,,7602
,,197
,,670
,,1944
,,7174
,,1344
,,104
,,1583
,,1265
,,1724
,,2956
,,327
,,13
,,214
,,3631
,,3699
,,870
,,1302
,,23
,,2
,,200
,,641
,,3624
,,547
,,2891
,,5463
,,3001
,,4103
,,463
,,211
,,1697
,,3684
,,1409
,,5257
,,6974
,,1965
,,10770
,,604
,,1806
,,1407
,,1572
,,1339
,,3900
,,3798
,,1552
,,3782
,,1144
,,3343
,,3400
,,2579
,,210
,,313
,,4878
,,105
,,9688
,,1502
,,30
,,59
,,221
,,1937
,,4097
,,1188
,,656
,,2394
,,6733
,,5124
,,3256
,,3611
,,292
,,451
,,1789
,,343
,,218
,,3140
,,1884
,,365
,,555
,,2550
,,2366
,,764
,,3308
,,1713
,,1132
,,2266
,,3496
,,4802
,,5524
,,2306
,,211
,,1333
,,1036
,,2860
,,1077
,,2580
,,1085
,,4558
,,80
,,2314
,,1337
,,2443
,,2040
,,865
,,2435
,,2017
,,236
,,3116
,,2784
,,1
,,236
,,1
,,197
,,1675
,,2
,,1836
,,499
,,1035
,,968
,,380
,,1057
,,969
,,719
,,277
,,366
,,753
,,731
,,240
,,152
,,123
,,1089
,,1
,,1
,,366
,,162
,,353
,,361
,,725
,,1291
,,1
,,4262
,,373
,,1746
,,1353
,,383
,,1871
,,5
,,390
,,909
,,95
,,854
,,472
,,2770
,,1046
,,14
,,1389
,,1082
,,2531
,,62
,,1934
,,654
,,1899
,,4
,,359
,,1365
,,366
,,576
,,1102
,,1038
,,366
,,60
,,136
,,311
,,4654
,,1577
,,250
,,1551
,,692
,,1311
,,732
,,367
,,1265
,,680
,,3564
,,3517
,,141
,,162
,,366
,,236
,,894
,,1543
,,1
,,1502
,,2471
,,366
,,60
,,2184
,,162
,,379
,,3946
,,168
,,1621
,,1150
,,1352
,,2449
,,3088
,,2322
,,3277
,,2484
,,1421
,,2548
,,36
,,196
,,1095
,,4157
,,716
,,310
,,767
,,361
,,95
,,448
,,6918
,,1
,,290
,,1
,,521
,,981
,,6384
,,365
,,660
,,674
,,3545
,,994
,,1583
,,584
,,2961
,,3485
,,2760
,,19
,,2977
,,1
,,687
,,607
,,1732
,,1
,,853
,,1665
,,675
,,2836
,,2240
,,4
,,7032
,,2652
,,1032
,,2357
,,2206
,,774
,,1749
,,1107
,,7078
,,292
,,1903
,,380
,,2885
,,3188
,,2550
,,3347
,,387
,,1223
,,817
,,290
,,2
,,708
,,2237
,,1474
,,670
,,207
,,578
,,198
,,334
,,3390
,,5234
,,366
,,109
,,4607
,,2786
,,334
,,1194
,,367
,,1123
,,679
,,1067
,,365
,,4754
,,2103
,,43
,,1115
,,2183
,,1096
,,1392
,,463
,,1080
,,8402
,,5387
,,811
,,749
,,2929
,,4155
,,371
,,2579
,,1618
,,1871
,,620
,,777
,,1037
,,914
,,1677
,,731
,,4197
,,692
,,1458
,,2256
,,330
,,10337
,,9992
,,1624
,,280
,,235
,,2140
,,1039
,,2795
,,816
,,303
,,365
,,366
,,866
,,911
,,3508
,,365
,,4150
,,586
,,1516
,,2060
,,5627
,,5130
,,3948
,,2883
,,1086
,,1752
,,365
,,755
,,2776
,,7609
,,2783
,,1618
,,990
,,365
,,5072
,,4884
,,4050
,,7177
,,4134
,,5497
,,2755
,,194
,,1022
,,1015
,,3684
,,1962
,,623
,,362
,,634
,,701
,,1
,,1
,,3259
,,1659
,,2
,,3
,,4557
,,616
,,1043
,,2376
,,1288
,,7
,,859
,,2140
,,1511
,,671
,,507
,,1
,,780
,,1719
,,2249
,,1411
,,373
,,936
,,266
,,2470
,,2070
,,1005
,,174
,,1083
,,1050
,,3521
,,4
,,4169
,,1086
,,181
,,369
,,1
,,218
,,1089
,,1
,,263
,,728
,,4430
,,372
,,2024
,,145
,,635
,,366
,,1097
,,293
,,135
,,940
,,1600
,,1
,,17
,,45
,,346
,,347
,,364
,,363
,,998
,,1096
,,1
,,1
,,216
,,1281
,,2597
,,214
,,1
,,452
,,169
,,1752
,,664
,,1638
,,898
,,1
,,2
,,1390
,,1
,,366
,,3
,,3981
,,360
,,1439
,,958
,,672
,,1105
,,1102
,,425
,,511
,,604
,,364
,,2148
,,1373
,,6
,,1792
,,2563
,,365
,,981
,,904
,,2
,,995
,,306
,,277
,,563
,,67
,,741
,,407
,,1818
,,459
,,42
,,316
,,2309
,,877
,,217
,,757
,,1
,,1
,,1680
,,1
,,12
,,1
,,1619
,,1083
,,719
,,5418
,,231
,,1149
,,160
,,1617
,,3870
,,2078
,,307
,,2339
,,500
,,1317
,,2772
,,470
,,2347
,,1368
,,2394
,,696
,,1
,,1722
,,1995
,,673
,,595
,,3989
,,715
,,8
,,4135
,,652
,,1738
,,1360
,,1062
,,1098
,,490
,,726
,,474
,,3094
,,3363
,,755
,,229
,,426
,,327
,,358
,,1057
,,104
,,290
,,221
,,4536
,,688
,,905
,,1800
,,779
,,2
,,1041
,,700
,,1576
,,366
,,971
,,1
,,1703
,,1337
,,515
,,292
,,152
,,340
,,1884
,,1
,,387
,,1
,,545
,,58
,,351
,,169
,,1025
,,1
,,1353
,,1095
,,214
,,428
,,4508
,,1905
,,464
,,365
,,1322
,,273
,,365
,,1144
,,2779
,,1
,,730
,,799
,,1886
,,1364
,,1814
,,60
,,222
,,1731
,,1
,,1
,,2
,,748
,,601
,,1
,,635
,,2488
,,1
,,865
,,921
,,412
,,724
,,177
,,864
,,933
,,114
,,560
,,2435
,,84
,,700
,,136
,,2484
,,366
,,961
,,171
,,817
,,2365
,,4196
,,134
,,1716
,,376
,,1335
,,138
,,594
,,1765
,,137
,,539
,,708
,,222
,,919
,,1144
,,1874
,,149
,,520
,,14
,,1066
,,1057
,,374
,,1890
,,237
,,5
,,1414
,,1096
,,58
,,2
,,225
,,647
,,763
,,1
,,1223
,,181
,,417
,,1054
,,2855
,,715
,,224
,,727
,,475
,,610
,,729
,,87
,,704
,,476
,,573
,,5263
,,3528
,,580
,,366
,,1180
,,582
,,452
,,393
,,422
,,1331
,,2388
,,1630
,,23
,,5902
,,11224
,,31
,,686
,,13
,,1708
,,109
,,106
,,446
,,1333
,,5831
,,279
,,305
,,317
,,3
,,2948
,,1352
,,817
,,7581
,,729
,,643
,,2831
,,6769
,,5286
,,2549
,,4603
,,366
,,228
,,1413
,,426
,,1
,,3241
,,2
,,676
,,730
,,233
,,658
,,882
,,4999
,,2510
,,5413
,,642
,,1332
,,954
,,2582
,,656
,,149
,,3755
,,236
,,1575
,,1783
,,578
,,744
,,710
,,788
,,1
,,191
,,430
,,87
,,441
,,1815
,,290
,,2767
,,228
,,646
,,366
,,587
,,226
,,246
,,365
,,89
,,240
,,3888
,,89
,,1
,,321
,,1433
,,731
,,795
,,509
,,1127
,,1007
,,949
,,3
,,996
,,764
,,27
,,1134
,,840
,,366
,,305
,,4498
,,1
,,1617
,,1
,,3047
,,1208
,,685
,,1039
,,12
,,1638
,,365
,,2265
,,1
,,128
,,2682
,,1
,,2
,,990
,,1758
,,284
,,363
,,364
,,122
,,23
,,500
,,2756
,,674
,,81
,,1483
,,728
,,795
,,639
,,384
,,1386
,,1011
,,1037
,,361
,,365
,,572
,,533
,,1685
,,787
,,366
,,257
,,780
,,3497
,,2
,,365
,,426
,,3
,,1
,,995
,,489
,,708
,,6256
,,2571
,,147
,,364
,,1070
,,980
,,1390
,,242
,,229
,,480
,,791
,,727
,,6623
,,3917
,,1172
,,2026
,,956
,,4346
,,1638
,,1097
,,2395
,,75
,,1852
,,1334
,,45
,,1289
,,5051
,,6865
,,1500
,,366
,,365
,,731
,,1361
,,350
,,366
,,121
,,2474
,,5095
,,900
,,1343
,,4608
,,2449
,,707
,,5062
,,667
,,802
,,2833
,,5409
,,104
,,3534
,,3774
,,3642
,,2860
,,567
,,443
,,529
,,2337
,,182
,,59
,,3098
,,609
,,941
,,1766
,,2594
,,1962
,,366
,,28
,,705
,,1392
,,466
,,1429
,,364
,,782
,,5374
,,3487
,,1160
,,1923
,,3137
,,2410
,,12
,,2
,,2359
,,2732
,,2660
,,1
,,173
,,6971
,,713
,,7007
,,13788
,,209
,,483
,,348
,,366
,,1092
,,208
,,2570
,,1098
,,115
,,1665
,,2410
,,12
,,1984
,,932
,,1600
,,5746
,,354
,,2972
,,2554
,,4870
,,369
,,728
,,1636
,,1683
,,1082
,,1885
,,6312
,,366
,,2991
,,1751
,,5414
,,1
,,4064
,,2301
,,2
,,3955
,,574
,,365
,,2
,,1170
,,2
,,247
,,777
,,3228
,,363
,,1
,,1079
,,360
,,2492
,,368
,,1
,,721
,,1
,,1
,,2594
,,1
,,1817
,,3579
,,360
,,1018
,,1094
,,211
,,740
,,365
,,227
,,634
,,968
,,1
,,256
,,3380
,,3670
,,2264
,,200
,,1
,,366
,,245
,,994
,,481
,,4176
,,8939
,,660
,,659
,,695
,,2719
,,1348
,,2322
,,4027
,,1371
,,5254
,,1206
,,3543
,,1
,,1372
,,1
,,5383
,,1316
,,1872
,,366
,,1273
,,318
,,43
,,795
,,986
,,172
,,1582
,,764
,,844
,,730
,,3558
,,144
,,2415
,,26
,,2560
,,26
,,1115
,,1475
,,1
,,245
,,366
,,2293
,,389
,,478
,,443
,,2866
,,550
,,371
,,5
,,1953
,,120
,,114
,,3370
,,707
,,704
,,1674
,,728
,,2029
,,666
,,348
,,211
,,290
,,706
,,1073
,,1006
,,1620
,,1
,,365
,,9269
,,3149
,,386
,,3
,,573
,,1579
,,120
,,714
,,812
,,80
,,95
,,849
,,1742
,,242
,,7
,,293
,,1947
,,1062
,,1050
,,14
,,373
,,1215
,,366
,,523
,,2698
,,1788
,,1485
,,1784
,,5373
,,5178
,,1
,,24
,,2499
,,18
,,652
,,1051
,,687
,,997
,,726
,,5
,,6
,,1845
,,2191
,,328
,,229
,,3134
,,1
,,261
,,740
,,605
,,1661
,,2863
,,3289
,,671
,,7168
,,1660
,,217
,,1602
,,901
,,757
,,720
,,328
,,349
,,1817
,,2548
,,587
,,688
,,285
,,2
,,3771
,,3705
,,1
,,2594
,,1372
,,484
,,1660
,,2016
,,1386
,,2903
,,329
,,602
,,1485
,,1772
,,264
,,4
,,338
,,440
,,484
,,2
,,466
,,616
,,682
,,229
,,3466
,,76
,,426
,,3327
,,1347
,,371
,,366
,,366
,,1085
,,342
,,4064
,,5717
,,729
,,306
,,683
,,810
,,59
,,229
,,3814
,,1077
,,2482
,,207
,,4115
,,1
,,4573
,,228
,,1
,,3638
,,2300
,,1660
,,2503
,,228
,,467
,,1681
,,1463
,,246
,,285
,,3326
,,3656
,,954
,,64
,,1826
,,36
,,4130
,,33
,,23
,,1036
,,3652
,,60
,,2554
,,1418
,,5477
,,60
,,1
,,2862
,,3994
,,5401
,,2015
,,2498
,,306
,,142
,,1083
,,1834
,,3327
,,23
,,245
,,118
,,207
,,445
,,12
,,219
,,399
,,70
,,155
,,534
,,74
,,565
,,37
,,2
,,366
,,3956
,,95
,,366
,,258
,,865
,,1676
,,916
,,1093
,,674
,,346
,,2718
,,1296
,,2430
,,3597
,,2455
,,1725
,,472
,,1340
,,1003
,,795
,,1651
,,1687
,,1603
,,666
,,1785
,,2421
,,3755
,,1048
,,731
,,321
,,1696
,,687
,,1043
,,4256
,,576
,,2763
,,357
,,417
,,366
,,246
,,994
,,566
,,574
,,366
,,1386
,,305
,,38
,,1088
,,899
,,451
,,88
,,418
,,232
,,366
,,9
,,732
,,198
,,478
,,64
,,20
,,2
,,1
,,349
,,2870
,,1
,,122
,,1617
,,1
,,1
,,724
,,476
,,835
,,360
,,235
,,1419
,,1
,,686
,,746
,,831
,,313
,,178
,,1015
,,1002
,,328
,,622
,,1825
,,391
,,2342
,,333
,,194
,,2484
,,240
,,261
,,482
,,219
,,1094
,,831
,,301
,,120
,,21
,,1337
,,366
,,391
,,7313
,,367
,,1266
,,1052
,,1695
,,1782
,,728
,,3402
,,359
,,874
,,2825
,,973
,,1101
,,204
,,1554
,,1692
,,2804
,,1452
,,2837
,,3051
,,200
,,366
,,1411
,,60
,,1906
,,1962
,,1578
,,1093
,,1006
,,3395
,,1178
,,519
,,1465
,,699
,,1
,,2218
,,860
,,741
,,1829
,,178
,,1005
,,1088
,,2288
,,366
,,1353
,,95
,,3380
,,1022
,,1096
,,136
,,981
,,1067
,,366
,,365
,,488
,,366
,,329
,,1099
,,235
,,301
,,1808
,,16
,,249
,,44
,,229
,,1
,,1980
,,90
,,883
,,2284
,,1631
,,3260
,,726
,,344
,,2
,,1300
,,2319
,,391
,,73
,,806
,,9
,,1094
,,717
,,1
,,1
,,227
,,2038
,,1021
,,1
,,228
,,88
,,599
,,225
,,890
,,1
,,10
,,718
,,667
,,229
,,207
,,2029
,,2676
,,88
,,186
,,151
,,112
,,1669
,,132
,,2242
,,4190
,,230
,,723
,,439
,,306
,,221
,,477
,,865
,,3474
,,1
,,219
,,1412
,,239
,,444
,,365
,,1485
,,465
,,129
,,89
,,1210
,,50
,,1
,,347
,,2436
,,1
,,1810
,,2
,,1250
,,1585
,,2431
,,3
,,511
,,954
,,511
,,1506
,,1424
,,651
,,96
,,1344
,,603
,,1
,,125
,,1460
,,365
,,2019
,,938
,,3045
,,103
,,1968
,,421
,,2
,,1045
,,236
,,363
,,364
,,264
,,1768
,,1
,,1
,,1
,,101
,,209
,,685
,,2781
,,361
,,545
,,1
,,1435
,,358
,,1
,,766
,,1044
,,154
,,676
,,3114
,,104
,,1
,,1
,,4
,,363
,,362
,,340
,,1
,,326
,,99
,,1044
,,1961
,,440
